iteration,cost,best_cost,survived_frac,mean_abs_x,mean_abs_theta,mean_abs_x_dot,mean_abs_theta_dot,mean_abs_u,settle_abs_x,settle_abs_theta,kp_theta,ki_theta,kd_theta,kp_x,ki_x,kd_x
0,2.159014,2.159014,1.0000,0.017295,0.001127,0.009163,0.002571,0.019544,0.002879,0.000006,42.000000,0.250000,9.000000,2.800000,0.040000,3.200000
1,2.205009,2.159014,1.0000,0.020077,0.001068,0.008723,0.002322,0.020078,0.003294,0.000016,54.000000,0.250000,9.000000,2.800000,0.040000,3.200000
2,2.067955,2.067955,1.0000,0.016851,0.001120,0.009100,0.002572,0.019466,0.001741,0.000005,42.000000,0.500000,9.000000,2.800000,0.040000,3.200000
3,1.970876,1.970876,1.0000,0.018229,0.001192,0.009706,0.002392,0.018212,0.002055,0.000005,42.000000,0.500000,12.000000,2.800000,0.040000,3.200000
4,2.026370,1.970876,1.0000,0.012237,0.001230,0.009571,0.002879,0.019639,0.000624,0.000001,42.000000,0.500000,12.000000,4.200000,0.040000,3.200000
5,2.274148,1.970876,1.0000,0.019980,0.001223,0.009952,0.002399,0.018551,0.005714,0.000016,42.000000,0.500000,12.000000,2.800000,0.080000,3.200000
6,2.036359,1.970876,1.0000,0.019478,0.001156,0.009330,0.002488,0.018768,0.002092,0.000017,42.000000,0.500000,12.000000,2.800000,0.040000,4.400000
7,2.059645,1.970876,1.0000,0.021790,0.001185,0.009600,0.002340,0.017839,0.003451,0.000008,38.929437,0.627858,11.321712,2.358904,0.002799,2.944038
8,2.049707,1.970876,1.0000,0.018643,0.001199,0.009762,0.002391,0.018281,0.003034,0.000005,42.000000,0.287500,12.000000,2.800000,0.040000,3.200000
9,2.045545,1.970876,1.0000,0.017056,0.001129,0.009181,0.002528,0.019205,0.001788,0.000005,42.000000,0.500000,9.450000,2.800000,0.040000,3.200000
10,2.207851,1.970876,1.0000,0.029589,0.001253,0.010102,0.002029,0.018094,0.004974,0.000105,42.000000,0.500000,12.000000,1.610000,0.040000,3.200000
11,1.953046,1.953046,1.0000,0.019086,0.001167,0.009505,0.002386,0.017944,0.001862,0.000004,42.000000,0.500000,12.000000,2.800000,0.006000,3.200000
12,1.930943,1.930943,1.0000,0.017786,0.001210,0.009928,0.002345,0.017679,0.001825,0.000000,42.000000,0.500000,12.000000,2.800000,0.006000,2.180000
13,1.896076,1.896076,1.0000,0.020533,0.001122,0.009346,0.002072,0.017469,0.001764,0.000002,53.341557,0.500000,12.000000,2.800000,0.006000,2.180000
14,1.945486,1.896076,1.0000,0.018751,0.001322,0.010850,0.002177,0.018669,0.002079,0.000010,57.667853,0.720337,12.634702,3.269776,0.012301,0.480616
15,1.856722,1.856722,1.0000,0.021418,0.001175,0.009801,0.002057,0.016959,0.001741,0.000002,53.341557,0.500000,14.180890,2.800000,0.006000,2.180000
16,1.877859,1.856722,1.0000,0.018261,0.001177,0.009766,0.002191,0.017267,0.001526,0.000001,53.341557,0.500000,14.180890,3.312208,0.006000,2.180000
17,1.765938,1.765938,1.0000,0.020323,0.001187,0.009900,0.002060,0.017091,0.000579,0.000002,53.341557,0.500000,14.180890,2.800000,0.020416,2.180000
18,1.795444,1.765938,1.0000,0.020182,0.001366,0.011260,0.002120,0.018254,0.000716,0.000006,53.341557,0.500000,14.180890,2.800000,0.020416,0.713587
19,1.779966,1.765938,1.0000,0.022393,0.001136,0.009563,0.001924,0.017098,0.000664,0.000010,62.011557,0.500000,14.180890,2.800000,0.020416,2.180000
20,1.807710,1.765938,1.0000,0.020797,0.001182,0.009855,0.002061,0.017037,0.001112,0.000002,53.341557,0.680625,14.180890,2.800000,0.020416,2.180000
21,1.875614,1.765938,1.0000,0.015058,0.001304,0.010317,0.002600,0.018703,0.000422,0.000000,38.222047,0.339313,13.166090,3.108959,0.019089,2.631685
22,1.850202,1.765938,1.0000,0.015606,0.001227,0.009970,0.002342,0.018113,0.000601,0.000001,53.341557,0.500000,14.180890,3.811500,0.020416,2.180000
23,2.029275,1.765938,1.0000,0.021610,0.001213,0.010103,0.002065,0.017368,0.003804,0.000007,53.341557,0.500000,14.180890,2.800000,0.049316,2.180000
24,1.790567,1.765938,1.0000,0.021202,0.001163,0.009617,0.002079,0.017301,0.000648,0.000011,53.341557,0.500000,14.180890,2.800000,0.020416,2.916950
25,1.790757,1.765938,1.0000,0.018605,0.001245,0.010285,0.002218,0.017433,0.000630,0.000001,45.972057,0.500000,14.180890,2.800000,0.020416,2.180000
26,1.802002,1.765938,1.0000,0.020407,0.001192,0.009941,0.002059,0.017140,0.001031,0.000002,53.341557,0.346469,14.180890,2.800000,0.020416,2.180000
27,1.790961,1.765938,1.0000,0.019544,0.001142,0.009512,0.002071,0.017481,0.000517,0.000002,53.341557,0.500000,12.338515,2.800000,0.020416,2.180000
28,2.308947,1.765938,1.0000,0.026658,0.001293,0.010646,0.002014,0.017719,0.007514,0.000027,48.608608,0.547396,14.907070,2.231571,0.062607,2.590193
29,1.922027,1.765938,1.0000,0.022060,0.001170,0.009756,0.002056,0.016900,0.002566,0.000001,53.341557,0.500000,14.180890,2.800000,0.000000,2.180000
30,1.770381,1.765938,1.0000,0.019678,0.001237,0.010324,0.002065,0.017203,0.000605,0.000002,53.341557,0.500000,14.180890,2.800000,0.020416,1.443050
31,1.780542,1.765938,1.0000,0.022429,0.001135,0.009558,0.001922,0.017103,0.000667,0.000010,62.162887,0.500000,14.180890,2.800000,0.020416,2.180000
32,1.780487,1.765938,1.0000,0.020329,0.001190,0.009921,0.002059,0.017116,0.000763,0.000002,53.341557,0.419046,14.180890,2.800000,0.020416,2.180000
33,1.779743,1.765938,1.0000,0.019832,0.001158,0.009655,0.002065,0.017288,0.000539,0.000002,53.341557,0.500000,13.022794,2.800000,0.020416,2.180000
34,1.768288,1.765938,1.0000,0.022210,0.001195,0.009959,0.001997,0.017027,0.000738,0.000007,53.341557,0.500000,14.180890,2.548568,0.020416,2.180000
35,1.956907,1.765938,1.0000,0.024653,0.001201,0.010046,0.001980,0.016696,0.003303,0.000003,52.674926,0.582487,14.569932,2.473069,0.000435,1.853898
36,1.791975,1.765938,1.0000,0.021235,0.001162,0.009607,0.002080,0.017310,0.000653,0.000011,53.341557,0.500000,14.180890,2.800000,0.020416,2.944794
37,1.772220,1.765938,1.0000,0.021818,0.001149,0.009646,0.001957,0.017053,0.000626,0.000007,59.605632,0.500000,14.180890,2.800000,0.020416,2.180000
38,1.790699,1.765938,1.0000,0.020631,0.001184,0.009867,0.002060,0.017052,0.000894,0.000002,53.341557,0.630502,14.180890,2.800000,0.020416,2.180000
39,1.755358,1.755358,1.0000,0.020991,0.001228,0.010233,0.002057,0.017025,0.000636,0.000001,53.341557,0.500000,15.746909,2.800000,0.020416,2.180000
40,1.794257,1.755358,1.0000,0.017536,0.001239,0.010198,0.002224,0.017490,0.000548,0.000001,53.341557,0.500000,15.746909,3.421187,0.020416,2.180000
41,1.922206,1.755358,1.0000,0.021759,0.001244,0.010362,0.002060,0.017200,0.002686,0.000004,53.341557,0.500000,15.746909,2.800000,0.038164,2.180000
42,1.920772,1.755358,1.0000,0.030304,0.001286,0.010580,0.001904,0.017251,0.002165,0.000079,49.039676,0.527150,16.314655,1.874590,0.021276,2.875505
43,1.773865,1.755358,1.0000,0.019755,0.001271,0.010524,0.002165,0.017366,0.000657,0.000001,48.017094,0.500000,15.746909,2.800000,0.020416,2.180000
44,1.779939,1.755358,1.0000,0.021048,0.001231,0.010263,0.002056,0.017061,0.000941,0.000001,53.341557,0.389074,15.746909,2.800000,0.020416,2.180000
45,1.763816,1.755358,1.0000,0.020423,0.001193,0.009950,0.002059,0.017068,0.000587,0.000002,53.341557,0.500000,14.415793,2.800000,0.020416,2.180000
46,1.799427,1.755358,1.0000,0.026532,0.001251,0.010428,0.001900,0.016935,0.001250,0.000028,53.341557,0.500000,15.746909,2.178813,0.020416,2.180000
47,1.874122,1.755358,1.0000,0.022400,0.001212,0.010106,0.002053,0.016855,0.002152,0.000001,53.341557,0.500000,15.746909,2.800000,0.002668,2.180000
48,1.760594,1.755358,1.0000,0.020563,0.001255,0.010472,0.002060,0.017105,0.000657,0.000002,53.341557,0.500000,15.746909,2.800000,0.020416,1.727421
49,1.863990,1.755358,1.0000,0.022287,0.001330,0.010965,0.002127,0.017719,0.001951,0.000003,44.224961,0.469678,15.626818,2.368479,0.027919,2.151813
50,1.789031,1.755358,1.0000,0.021090,0.001232,0.010271,0.002056,0.017070,0.001056,0.000001,53.341557,0.361901,15.746909,2.800000,0.020416,2.180000
51,1.752513,1.752513,1.0000,0.021394,0.001252,0.010433,0.002056,0.017065,0.000671,0.000001,53.341557,0.500000,16.683574,2.800000,0.020416,2.180000
52,1.768499,1.752513,1.0000,0.019175,0.001250,0.010372,0.002148,0.017227,0.000564,0.000001,53.341557,0.500000,16.683574,3.153415,0.020416,2.180000
53,1.888925,1.752513,1.0000,0.022018,0.001265,0.010539,0.002059,0.017208,0.002347,0.000003,53.341557,0.500000,16.683574,2.800000,0.034685,2.180000
54,1.763128,1.752513,1.0000,0.022149,0.001227,0.010157,0.002062,0.017089,0.000714,0.000008,53.341557,0.500000,16.683574,2.800000,0.020416,2.831985
55,1.750110,1.750110,1.0000,0.022471,0.001220,0.010216,0.001981,0.016833,0.000709,0.000004,57.867351,0.500000,16.683574,2.800000,0.020416,2.180000
56,1.793590,1.750110,1.0000,0.020681,0.001173,0.009864,0.002020,0.016805,0.001008,0.000001,59.260876,0.509559,15.434123,3.076216,0.012571,2.005849
57,1.748011,1.748011,1.0000,0.022887,0.001243,0.010411,0.001981,0.016868,0.000755,0.000004,57.867351,0.500000,17.645305,2.800000,0.020416,2.180000
58,1.755485,1.748011,1.0000,0.019918,0.001235,0.010313,0.002086,0.016995,0.000553,0.000001,57.867351,0.500000,17.645305,3.248808,0.020416,2.180000
59,1.882506,1.748011,1.0000,0.023406,0.001256,0.010508,0.001984,0.017001,0.002425,0.000005,57.867351,0.500000,17.645305,2.800000,0.033239,2.180000
60,1.755509,1.748011,1.0000,0.023322,0.001229,0.010251,0.001984,0.016879,0.000778,0.000010,57.867351,0.500000,17.645305,2.800000,0.020416,2.564693
61,1.750377,1.748011,1.0000,0.021971,0.001272,0.010602,0.002045,0.017100,0.000713,0.000001,54.020426,0.500000,17.645305,2.800000,0.020416,2.180000
62,1.767868,1.748011,1.0000,0.022929,0.001246,0.010432,0.001981,0.016894,0.000994,0.000004,57.867351,0.419856,17.645305,2.800000,0.020416,2.180000
63,1.898751,1.748011,1.0000,0.019177,0.001380,0.011152,0.002266,0.018484,0.001826,0.000004,53.001808,0.422451,17.134509,3.378441,0.000000,1.619232
64,1.777860,1.748011,1.0000,0.026240,0.001257,0.010534,0.001893,0.016829,0.001108,0.000021,57.867351,0.500000,17.645305,2.418513,0.020416,2.180000
65,1.792212,1.748011,1.0000,0.023586,0.001233,0.010328,0.001979,0.016757,0.001329,0.000004,57.867351,0.500000,17.645305,2.800000,0.009516,2.180000
66,1.746672,1.746672,1.0000,0.022542,0.001257,0.010557,0.001982,0.016882,0.000752,0.000001,57.867351,0.500000,17.645305,2.800000,0.020416,1.853011
67,1.745970,1.745970,1.0000,0.022725,0.001251,0.010518,0.001970,0.016835,0.000762,0.000001,58.650002,0.500000,17.645305,2.800000,0.020416,1.853011
68,1.745469,1.745469,1.0000,0.022814,0.001248,0.010491,0.001970,0.016802,0.000760,0.000001,58.650002,0.598325,17.645305,2.800000,0.020416,1.853011
69,1.744677,1.744677,1.0000,0.023013,0.001260,0.010588,0.001972,0.016844,0.000769,0.000001,58.650002,0.598325,18.118210,2.800000,0.020416,1.853011
70,1.783303,1.744677,1.0000,0.024816,0.001306,0.010868,0.001999,0.017178,0.001253,0.000005,52.437404,0.426776,18.410372,2.519126,0.008211,2.172601
71,1.840124,1.744677,1.0000,0.023341,0.001272,0.010684,0.001974,0.016975,0.001930,0.000003,58.650002,0.598325,18.118210,2.800000,0.032425,1.853011
72,1.744276,1.744276,1.0000,0.023057,0.001258,0.010568,0.001971,0.016839,0.000765,0.000001,58.650002,0.598325,18.118210,2.800000,0.020416,1.896718
73,1.740942,1.740942,1.0000,0.023689,0.001239,0.010438,0.001931,0.016687,0.000745,0.000003,61.429406,0.598325,18.118210,2.800000,0.020416,1.896718
74,1.750791,1.740942,1.0000,0.023811,0.001237,0.010423,0.001931,0.016669,0.000875,0.000003,61.429406,0.656229,18.118210,2.800000,0.020416,1.896718
75,1.739729,1.739729,1.0000,0.023984,0.001255,0.010575,0.001932,0.016742,0.000765,0.000003,61.429406,0.598325,18.813061,2.800000,0.020416,1.896718
76,1.751789,1.739729,1.0000,0.021715,0.001250,0.010504,0.002006,0.016838,0.000725,0.000002,61.429406,0.598325,18.813061,3.124264,0.020416,1.896718
77,1.753750,1.739729,1.0000,0.023212,0.001268,0.010662,0.001969,0.016862,0.000907,0.000001,62.112518,0.623476,19.920656,3.000729,0.025221,2.048956
78,1.744850,1.739729,1.0000,0.024287,0.001245,0.010457,0.001932,0.016731,0.000777,0.000007,61.429406,0.598325,18.813061,2.800000,0.020416,2.174658
79,1.743738,1.739729,1.0000,0.023350,0.001276,0.010710,0.001973,0.016914,0.000779,0.000001,58.650002,0.598325,18.813061,2.800000,0.020416,1.896718
80,1.738527,1.738527,1.0000,0.023923,0.001257,0.010588,0.001932,0.016758,0.000738,0.000003,61.429406,0.549106,18.813061,2.800000,0.020416,1.896718
81,1.738981,1.738527,1.0000,0.023670,0.001243,0.010471,0.001931,0.016709,0.000717,0.000003,61.429406,0.549106,18.222437,2.800000,0.020416,1.896718
82,1.758603,1.738527,1.0000,0.026349,0.001267,0.010682,0.001871,0.016736,0.000974,0.000014,61.429406,0.549106,18.813061,2.524376,0.020416,1.896718
83,1.770000,1.738527,1.0000,0.024431,0.001249,0.010526,0.001931,0.016674,0.001158,0.000003,61.429406,0.549106,18.813061,2.800000,0.012541,1.896718
84,1.869912,1.738527,1.0000,0.023407,0.001299,0.010849,0.002027,0.017101,0.002199,0.000003,57.724283,0.612191,19.377166,2.945977,0.004872,1.747012
85,1.739482,1.738527,1.0000,0.024384,0.001244,0.010499,0.001906,0.016652,0.000745,0.000005,63.419342,0.549106,18.813061,2.800000,0.020416,1.896718
86,1.757225,1.738527,1.0000,0.023961,0.001260,0.010612,0.001932,0.016787,0.000972,0.000003,61.429406,0.459961,18.813061,2.800000,0.020416,1.896718
87,1.738561,1.738527,1.0000,0.023877,0.001254,0.010567,0.001932,0.016748,0.000734,0.000003,61.429406,0.549106,18.704373,2.800000,0.020416,1.896718
88,1.741958,1.738527,1.0000,0.022193,0.001251,0.010527,0.001986,0.016809,0.000665,0.000002,61.429406,0.549106,18.813061,3.038855,0.020416,1.896718
89,1.777797,1.738527,1.0000,0.024516,0.001248,0.010519,0.001931,0.016665,0.001258,0.000003,61.429406,0.549106,18.813061,2.800000,0.011639,1.896718
90,1.744364,1.738527,1.0000,0.024277,0.001244,0.010451,0.001932,0.016745,0.000753,0.000008,61.429406,0.549106,18.813061,2.800000,0.020416,2.220046
91,1.740784,1.738527,1.0000,0.023312,0.001241,0.010436,0.001950,0.016729,0.000723,0.000003,62.537815,0.542825,18.976153,2.952243,0.021222,2.126780
92,1.739279,1.738527,1.0000,0.023974,0.001256,0.010577,0.001932,0.016745,0.000760,0.000003,61.429406,0.590942,18.813061,2.800000,0.020416,1.896718
93,1.738646,1.738527,1.0000,0.024139,0.001269,0.010688,0.001934,0.016809,0.000757,0.000002,61.429406,0.549106,19.315090,2.800000,0.020416,1.896718
94,1.741785,1.738527,1.0000,0.022224,0.001251,0.010527,0.001985,0.016808,0.000666,0.000002,61.429406,0.549106,18.813061,3.034281,0.020416,1.896718
95,1.802282,1.738527,1.0000,0.024122,0.001264,0.010642,0.001934,0.016831,0.001540,0.000003,61.429406,0.549106,18.813061,2.800000,0.027110,1.896718
96,1.740934,1.738527,1.0000,0.024106,0.001250,0.010515,0.001932,0.016749,0.000738,0.000005,61.429406,0.549106,18.813061,2.800000,0.020416,2.067408
97,1.740003,1.738527,1.0000,0.023537,0.001269,0.010670,0.001957,0.016859,0.000751,0.000001,59.722505,0.549106,18.813061,2.800000,0.020416,1.896718
98,1.744591,1.738527,1.0000,0.024190,0.001265,0.010622,0.001948,0.016808,0.000817,0.000003,60.300215,0.534358,19.257574,2.805337,0.015406,2.058269
99,1.738788,1.738527,1.0000,0.023740,0.001247,0.010504,0.001931,0.016721,0.000723,0.000003,61.429406,0.549106,18.386335,2.800000,0.020416,1.896718
